{"savedSpawnPoints":[{"characterName":"Builder","spawnPosition":{"x":111.14491271972656,"y":-44.997955322265628,"z":0.0}}]}