{"savedSpawnPoints":[{"characterName":"Builder","spawnPosition":{"x":104.03311157226563,"y":-55.99491882324219,"z":0.0}}]}