{"savedSpawnPoints":[{"characterName":"Builder","spawnPosition":{"x":177.1854705810547,"y":29.00204849243164,"z":0.0}}]}