{"savedSpawnPoints":[{"characterName":"Builder","spawnPosition":{"x":103.082763671875,"y":9.00494384765625,"z":0.0}}]}