{"savedSpawnPoints":[{"characterName":"Builder","spawnPosition":{"x":118.11577606201172,"y":-55.99253463745117,"z":0.0}}]}