{"savedSpawnPoints":[{"characterName":"Builder","spawnPosition":{"x":141.43975830078126,"y":20.00494384765625,"z":0.0}}]}